Category,Label,Text
physics,0,recognition extraordinary services rendered discovery remarkable rays subsequently named
medicine,1,work serum therapy especially application diphtheria opened new road domain medical science thereby placed hands physician victorious weapon illness deaths
peace,2,humanitarian efforts help wounded soldiers create international understanding
peace,2,lifelong work international peace conferences diplomacy arbitration
literature,3,special recognition poetic composition gives evidence lofty idealism artistic perfection rare combination qualities heart intellect
chemistry,4,recognition extraordinary services rendered discovery laws chemical dynamics osmotic pressure solutions
chemistry,4,recognition extraordinary services rendered work sugar purine syntheses
literature,3,greatest living master art historical writing special reference monumental work IA history RomeI
peace,2,eminently practical administration InterParliamentary Union
peace,2,untiring skilful directorship Bern Peace Bureau
physics,0,recognition extraordinary service rendered researches influence magnetism upon radiation phenomena
medicine,1,work malaria shown enters organism thereby laid foundation successful research disease methods combating
physics,0,recognition extraordinary service rendered researches influence magnetism upon radiation phenomena
physics,0,recognition extraordinary services rendered joint researches radiation phenomena discovered Professor Henri Becquerel
peace,2,longstanding devoted effort favour ideas peace arbitration
physics,0,recognition extraordinary services rendered discovery spontaneous radioactivity
physics,0,recognition extraordinary services rendered joint researches radiation phenomena discovered Professor Henri Becquerel
physics,0,recognition extraordinary services rendered joint researches radiation phenomena discovered Professor Henri Becquerel
medicine,1,recognition contribution treatment diseases especially lupus vulgaris concentrated light radiation whereby opened new avenue medical science
literature,3,tribute noble magnificent versatile poetry always distinguished freshness inspiration rare purity spirit
chemistry,4,recognition extraordinary services rendered advancement chemistry electrolytic theory dissociation
literature,3,recognition numerous brilliant compositions individual original manner revived great traditions Spanish drama
physics,0,investigations densities important gases discovery argon connection studies
peace,2,striving public law develop peaceful ties nations make laws war humane
chemistry,4,recognition services discovery inert gaseous elements air determination place periodic system
medicine,1,recognition work physiology digestion knowledge vital aspects subject transformed enlarged
literature,3,recognition fresh originality true inspiration poetic production faithfully reflects natural scenery native spirit people addition significant work Provenccedilal philologist
chemistry,4,recognition services advancement organic chemistry chemical industry work organic dyes hydroaromatic compounds
literature,3,outstanding merits epic writer
physics,0,work cathode rays
peace,2,audacity oppose horrors war
medicine,1,investigations discoveries relation tuberculosis
literature,3,consideration deep learning critical research tribute creative energy freshness style lyrical force characterize poetic masterpieces
peace,2,role bringing end bloody war recently waged two worlds great powers Japan Russia
physics,0,recognition great merits theoretical experimental investigations conduction electricity gases
medicine,1,recognition work structure nervous system
chemistry,4,recognition great services rendered investigation isolation element fluorine adoption service science electric furnace called
medicine,1,recognition work structure nervous system
medicine,1,recognition work role played protozoa causing diseases
chemistry,4,biochemical researches discovery cellfree fermentation
literature,3,consideration power observation originality imagination virility ideas remarkable talent narration characterize creations worldfamous author
peace,2,decisive influence upon conduct outcome Hague Geneva Conferences
peace,2,work press peace meetings public private understanding France Italy
physics,0,optical precision instruments spectroscopic metrological investigations carried aid
chemistry,4,investigations disintegration elements chemistry radioactive substances
literature,3,recognition earnest search truth penetrating power thought wide range vision warmth strength presentation numerous works vindicated developed idealistic philosophy life
peace,2,long time work cause peace politicians peace society leaders orators authors
medicine,1,recognition work immunity
medicine,1,recognition work immunity
peace,2,long time work cause peace politicians peace society leaders orators authors
physics,0,method reproducing colours photographically based phenomenon interference
physics,0,recognition contributions development wireless telegraphy
medicine,1,work physiology pathology surgery thyroid gland
literature,3,appreciation lofty idealism vivid imagination spiritual perception characterize writings
chemistry,4,recognition work catalysis investigations fundamental principles governing chemical equilibria rates reaction
physics,0,recognition contributions development wireless telegraphy
peace,2,prominent position international movement peace arbitration
peace,2,prominent position international movement peace arbitration
literature,3,tribute consummate artistry permeated idealism demonstrated long productive career lyric poet dramatist novelist writer worldrenowned short stories
peace,2,acting link peace societies various countries helping organize world rallies international peace movement
physics,0,work equation state gases liquids
medicine,1,recognition contributions knowledge cell chemistry made work proteins including nucleic substances
chemistry,4,recognition services organic chemistry chemical industry pioneer work field alicyclic compounds
peace,2,effort expose fight considers main cause war namely anarchy international relations
peace,2,role cofounder Institut de droit international initiator Conferences International Private Law Conférences de Droit international privé Hague pioneer field international legal relations
chemistry,4,recognition services advancement chemistry discovery elements radium polonium isolation radium study nature compounds remarkable element
chemistry,4,recognition services advancement chemistry discovery elements radium polonium isolation radium study nature compounds remarkable element
physics,0,discoveries regarding laws governing radiation heat
literature,3,appreciation manysided literary activities especially dramatic works distinguished wealth imagination poetic fancy reveals sometimes guise fairy tale deep inspiration mysterious way appeal readers feelings stimulate imaginations
medicine,1,work dioptrics eye
literature,3,primarily recognition fruitful varied outstanding production realm dramatic art
medicine,1,recognition work vascular suture transplantation blood vessels organs
chemistry,4,method hydrogenating organic compounds presence finely disintegrated metals whereby progress organic chemistry greatly advanced recent years
chemistry,4,discovery socalled Grignard reagent recent years greatly advanced progress organic chemistry
physics,0,invention automatic regulators use conjunction gas accumulators illuminating lighthouses buoys
peace,2,bringing better understanding countries North South America initiating important arbitration agreements United States countries
medicine,1,recognition work anaphylaxis
chemistry,4,recognition work linkage atoms molecules thrown new light earlier investigations opened new fields research especially inorganic chemistry
peace,2,unparalleled contribution organization peaceful internationalism
literature,3,profoundly sensitive fresh beautiful verse consummate skill made poetic thought expressed English words part literature West
physics,0,investigations properties matter low temperatures led inter alia production liquid helium
physics,0,discovery diffraction Xrays crystals
medicine,1,work physiology pathology vestibular apparatus
chemistry,4,recognition accurate determinations atomic weight large number chemical elements
physics,0,services analysis crystal structure means Xrays
physics,0,services analysis crystal structure means Xrays
chemistry,4,researches plant pigments especially chlorophyll
literature,3,tribute lofty idealism literary production sympathy love truth described different types human beings
literature,3,recognition significance leading representative new era literature
peace,2,efforts take care wounded soldiers prisoners war families
peace,2,efforts take care wounded soldiers prisoners war families
peace,2,efforts take care wounded soldiers prisoners war families
physics,0,discovery characteristic Roumlntgen radiation elements
literature,3,varied rich poetry inspired lofty ideals
literature,3,authentic descriptions presentday life Denmark
physics,0,recognition services rendered advancement Physics discovery energy quanta
chemistry,4,synthesis ammonia elements
peace,2,role founder League Nations
medicine,1,discoveries relating immunity
physics,0,discovery Doppler effect canal rays splitting spectral lines electric fields
literature,3,special appreciation epic IOlympian SpringI
physics,0,recognition service rendered precision measurements Physics discovery anomalies nickel steel alloys
chemistry,4,recognition work thermochemistry
medicine,1,discovery capillary motor regulating mechanism
peace,2,longstanding contribution cause peace justice prominent role establishment League Nations
literature,3,monumental work IGrowth SoilI
literature,3,recognition brilliant literary achievements characterized nobility style profound human sympathy grace true Gallic temperament
peace,2,lifelong contributions cause peace organized internationalism
physics,0,services Theoretical Physics especially discovery law photoelectric effect
chemistry,4,contributions knowledge chemistry radioactive substances investigations origin nature isotopes
peace,2,lifelong contributions cause peace organized internationalism
physics,0,services investigation structure atoms radiation emanating
peace,2,leading role repatriation prisoners war international relief work League Nations High Commissioner refugees
chemistry,4,discovery means mass spectrograph isotopes large number nonradioactive elements enunciation wholenumber rule
medicine,1,discovery fixed relationship consumption oxygen metabolism lactic acid muscle
literature,3,happy manner continued illustrious traditions Spanish drama
medicine,1,discovery relating production heat muscle
medicine,1,discovery insulin
medicine,1,discovery insulin
physics,0,work elementary charge electricity photoelectric effect
chemistry,4,invention method microanalysis organic substances
literature,3,always inspired poetry highly artistic form gives expression spirit whole nation
literature,3,great national epic IThe PeasantsI
medicine,1,discovery mechanism electrocardiogram
physics,0,discoveries research field Xray spectroscopy
physics,0,discovery laws governing impact electron upon atom
physics,0,discovery laws governing impact electron upon atom
peace,2,crucial role bringing Locarno Treaty
peace,2,crucial role bringing Dawes Plan
chemistry,4,demonstration heterogenous nature colloid solutions methods used since become fundamental modern colloid chemistry
literature,3,work marked idealism humanity stimulating satire often infused singular poetic beauty
peace,2,crucial role bringing Locarno Treaty
peace,2,crucial role bringing Locarno Treaty
literature,3,idealistically inspired writings plastic clarity picture life native island depth sympathy deal human problems general
medicine,1,discovery Spiroptera carcinoma
physics,0,work discontinuous structure matter especially discovery sedimentation equilibrium
chemistry,4,work disperse systems
literature,3,recognition rich vitalizing ideas brilliant skill presented
peace,2,contribution emergence France Germany public opinion favours peaceful international cooperation
physics,0,discovery effect named
physics,0,method making paths electrically charged particles visible condensation vapour
medicine,1,discovery therapeutic value malaria inoculation treatment dementia paralytica
chemistry,4,investigations constitution bile acids related substances
peace,2,contribution emergence France Germany public opinion favours peaceful international cooperation
medicine,1,work typhus
chemistry,4,services rendered research constitution sterols connection vitamins
physics,0,work thermionic phenomenon especially discovery law named
literature,3,principally powerful descriptions Northern life Middle Ages
chemistry,4,investigations fermentation sugar fermentative enzymes
chemistry,4,investigations fermentation sugar fermentative enzymes
medicine,1,discovery antineuritic vitamin
physics,0,discovery wave nature electrons
literature,3,principally great novel IBuddenbrooksI steadily increased recognition one classic works contemporary literature
medicine,1,discovery growthstimulating vitamins
peace,2,crucial role bringing BriandKellogg Pact
literature,3,vigorous graphic art description ability create wit humour new types characters
medicine,1,discovery human blood groups
chemistry,4,researches constitution haemin chlorophyll especially synthesis haemin
peace,2,promoting Christian unity helping create new attitude mind necessary peace nations become reality
physics,0,work scattering light discovery effect named
medicine,1,discovery nature mode action respiratory enzyme
chemistry,4,recognition contributions invention development chemical high pressure methods
chemistry,4,recognition contributions invention development chemical high pressure methods
literature,3,poetry Erik Axel Karlfeldt
peace,2,assiduous effort revive ideal peace rekindle spirit peace nation whole mankind
peace,2,assiduous effort revive ideal peace rekindle spirit peace nation whole mankind
medicine,1,discoveries regarding functions neurons
medicine,1,discoveries regarding functions neurons
physics,0,creation quantum mechanics application inter alia led discovery allotropic forms hydrogen
literature,3,distinguished art narration takes highest form IThe Forsyte SagaI
chemistry,4,discoveries investigations surface chemistry
physics,0,discovery new productive forms atomic theory
physics,0,discovery new productive forms atomic theory
peace,2,exposed pen illusion war presented convincing plea international cooperation peace
medicine,1,discoveries concerning role played chromosome heredity
literature,3,strict artistry carried classical Russian traditions prose writing
medicine,1,discoveries concerning liver therapy cases anaemia
chemistry,4,discovery heavy hydrogen
literature,3,bold ingenious revival dramatic scenic art
medicine,1,discoveries concerning liver therapy cases anaemia
medicine,1,discoveries concerning liver therapy cases anaemia
peace,2,untiring struggle courageous efforts Chairman League Nations Disarmament Conference 193134
chemistry,4,recognition synthesis new radioactive elements
chemistry,4,recognition synthesis new radioactive elements
physics,0,discovery neutron
medicine,1,discovery organizer effect embryonic development
peace,2,burning love freedom thought expression valuable contribution cause peace
chemistry,4,contributions knowledge molecular structure investigations dipole moments diffraction Xrays electrons gases
medicine,1,discoveries relating chemical transmission nerve impulses
physics,0,discovery cosmic radiation
medicine,1,discoveries relating chemical transmission nerve impulses
physics,0,discovery positron
peace,2,role father Argentine Antiwar Pact 1933 also used means mediate peace Paraguay Bolivia 1935
literature,3,power honesty deepfelt emotions dramatic works embody original concept tragedy
physics,0,experimental discovery diffraction electrons crystals
medicine,1,discoveries connection biological combustion processes special reference vitamin C catalysis fumaric acid
chemistry,4,investigations carbohydrates vitamin C
physics,0,experimental discovery diffraction electrons crystals
peace,2,tireless effort support League Nations disarmament peace
literature,3,artistic power truth depicted human conflict well fundamental aspects contemporary life novelcycle ILes ThibaultI
chemistry,4,investigations carotenoids flavins vitamins B2
physics,0,demonstrations existence new radioactive elements produced neutron irradiation related discovery nuclear reactions brought slow neutrons
chemistry,4,work carotenoids vitamins
medicine,1,discovery role played sinus aortic mechanisms regulation respiration
peace,2,carried work Fridtjof Nansen benefit refugees across Europe
literature,3,rich truly epic descriptions peasant life China biographical masterpieces
medicine,1,discovery antibacterial effects prontosil
physics,0,invention development cyclotron results obtained especially regard artificial radioactive elements
chemistry,4,work polymethylenes higher terpenes
chemistry,4,work sex hormones
literature,3,deep understanding countrys peasantry exquisite art portrayed way life relationship Nature
medicine,1,discovery vitamin K
medicine,1,discovery chemical nature vitamin K
chemistry,4,work use isotopes tracers study chemical processes
physics,0,contribution development molecular ray method discovery magnetic moment proton
medicine,1,discoveries relating highly differentiated functions single nerve fibres
literature,3,rare strength fertility poetic imagination combined intellectual curiosity wide scope bold freshly creative style
medicine,1,discoveries relating highly differentiated functions single nerve fibres
chemistry,4,discovery fission heavy nuclei
peace,2,great work performed war behalf humanity
peace,2,great work performed war behalf humanity
peace,2,great work performed war behalf humanity
physics,0,resonance method recording magnetic properties atomic nuclei
physics,0,discovery Exclusion Principle also called Pauli Principle
literature,3,lyric poetry inspired powerful emotions made name symbol idealistic aspirations entire Latin American world
chemistry,4,research inventions agricultural nutrition chemistry especially fodder preservation method
peace,2,indefatigable work international understanding pivotal role establishing United Nations
medicine,1,discovery penicillin curative effect various infectious diseases
medicine,1,discovery penicillin curative effect various infectious diseases
medicine,1,discovery penicillin curative effect various infectious diseases
peace,2,contribution creation peacepromoting religious brotherhood across national boundaries
physics,0,invention apparatus produce extremely high pressures discoveries made therewith field high pressure physics
chemistry,4,discovery enzymes crystallized
chemistry,4,preparation enzymes virus proteins pure form
chemistry,4,preparation enzymes virus proteins pure form
medicine,1,discovery production mutations means Xray irradiation
peace,2,lifelong work cause peace
literature,3,inspired writings growing boldness penetration exemplify classical humanitarian ideals high qualities style
medicine,1,discovery course catalytic conversion glycogen
medicine,1,discovery part played hormone anterior pituitary lobe metabolism sugar
physics,0,investigations physics upper atmosphere especially discovery socalled Appleton layer
literature,3,comprehensive artistically significant writings human problems conditions presented fearless love truth keen psychological insight
chemistry,4,investigations plant products biological importance especially alkaloids
peace,2,pioneering work international peace movement compassionate effort relieve human suffering thereby promoting fraternity nations
peace,2,pioneering work international peace movement compassionate effort relieve human suffering thereby promoting fraternity nations
medicine,1,discovery course catalytic conversion glycogen
medicine,1,discovery high efficiency DDT contact poison several arthropods
literature,3,outstanding pioneer contribution presentday poetry
chemistry,4,research electrophoresis adsorption analysis especially discoveries concerning complex nature serum proteins
physics,0,development Wilson cloud chamber method discoveries therewith fields nuclear physics cosmic radiation
medicine,1,discovery therapeutic value leucotomy certain psychoses
chemistry,4,contributions field chemical thermodynamics particularly concerning behaviour substances extremely low temperatures
medicine,1,discovery functional organization interbrain coordinator activities internal organs
literature,3,powerful artistically unique contribution modern American novel
peace,2,lifelong effort conquer hunger want thereby helping remove major cause military conflict war
physics,0,prediction existence mesons basis theoretical work nuclear forces
literature,3,recognition varied significant writings champions humanitarian ideals freedom thought
peace,2,work mediator Palestine 19481949
medicine,1,discoveries relating hormones adrenal cortex structure biological effects
medicine,1,discoveries relating hormones adrenal cortex structure biological effects
medicine,1,discoveries relating hormones adrenal cortex structure biological effects
chemistry,4,discovery development diene synthesis
physics,0,development photographic method studying nuclear processes discoveries regarding mesons made method
chemistry,4,discovery development diene synthesis
peace,2,devoted life fight war promotion social justice brotherhood among men nations
literature,3,artistic vigour true independence mind endeavours poetry find answers eternal questions confronting mankind
physics,0,pioneer work transmutation atomic nuclei artificially accelerated atomic particles
physics,0,pioneer work transmutation atomic nuclei artificially accelerated atomic particles
chemistry,4,discoveries chemistry transuranium elements
medicine,1,discoveries concerning yellow fever combat
chemistry,4,discoveries chemistry transuranium elements
physics,0,development new methods nuclear magnetic precision measurements discoveries connection therewith
chemistry,4,invention partition chromatography
peace,2,altruism reverence life tireless humanitarian work helped making idea brotherhood men nations living one
medicine,1,discovery streptomycin first antibiotic effective tuberculosis
chemistry,4,invention partition chromatography
physics,0,development new methods nuclear magnetic precision measurements discoveries connection therewith
literature,3,deep spiritual insight artistic intensity novels penetrated drama human life
peace,2,proposing supervising plan economic recovery Europe
medicine,1,discovery citric acid cycle
medicine,1,discovery coenzyme importance intermediary metabolism
physics,0,demonstration phase contrast method especially invention phase contrast microscope
chemistry,4,discoveries field macromolecular chemistry
literature,3,mastery historical biographical description well brilliant oratory defending exalted human values
medicine,1,discovery ability poliomyelitis viruses grow cultures various types tissue
medicine,1,discovery ability poliomyelitis viruses grow cultures various types tissue
medicine,1,discovery ability poliomyelitis viruses grow cultures various types tissue
chemistry,4,research nature chemical bond application elucidation structure complex substances
chemistry,4,research nature chemical bond application elucidation structure complex substances
physics,0,fundamental research quantum mechanics especially statistical interpretation wavefunction
physics,0,coincidence method discoveries made therewith
literature,3,mastery art narrative recently demonstrated IThe Old Man SeaI influence exerted contemporary style
peace,2,efforts heal wounds war providing help protection refugees world
peace,2,efforts heal wounds war providing help protection refugees world
literature,3,vivid epic power renewed great narrative art Iceland
physics,0,precision determination magnetic moment electron
physics,0,discoveries concerning fine structure hydrogen spectrum
medicine,1,discoveries concerning nature mode action oxidation enzymes
chemistry,4,work biochemically important sulphur compounds especially first synthesis polypeptide hormone
medicine,1,discoveries concerning heart catheterization pathological changes circulatory system
medicine,1,discoveries concerning heart catheterization pathological changes circulatory system
physics,0,researches semiconductors discovery transistor effect
chemistry,4,researches mechanism chemical reactions
chemistry,4,researches mechanism chemical reactions
physics,0,researches semiconductors discovery transistor effect
physics,0,researches semiconductors discovery transistor effect
physics,0,researches semiconductors discovery transistor effect
medicine,1,discoveries concerning heart catheterization pathological changes circulatory system
literature,3,lyrical poetry Spanish language constitutes example high spirit artistical purity
physics,0,penetrating investigation socalled parity laws led important discoveries regarding elementary particles
peace,2,crucial contribution deployment United Nations Emergency Force wake Suez Crisis
chemistry,4,work nucleotides nucleotide coenzymes
physics,0,penetrating investigation socalled parity laws led important discoveries regarding elementary particles
literature,3,important literary production clearsighted earnestness illuminates problems human conscience times
medicine,1,discoveries relating synthetic compounds inhibit action certain body substances especially action vascular system skeletal muscles
chemistry,4,work structure proteins especially insulin
chemistry,4,work structure proteins especially insulin
peace,2,efforts help refugees leave camps return life freedom dignity
medicine,1,discovery genes act regulating definite chemical events
medicine,1,discoveries concerning genetic recombination organization genetic material bacteria
literature,3,important achievement contemporary lyrical poetry field great Russian epic tradition
physics,0,discovery interpretation Cherenkov effect
physics,0,discovery interpretation Cherenkov effect
physics,0,discovery interpretation Cherenkov effect
medicine,1,discovery genes act regulating definite chemical events
medicine,1,discovery mechanisms biological synthesis ribonucleic acid deoxyribonucleic acid
chemistry,4,discovery development polarographic methods analysis
physics,0,discovery antiproton
physics,0,discovery antiproton
medicine,1,discovery mechanisms biological synthesis ribonucleic acid deoxyribonucleic acid
peace,2,longstanding contribution cause disarmament peace
literature,3,lyrical poetry classical fire expresses tragic experience life times
medicine,1,discovery acquired immunological tolerance
physics,0,invention bubble chamber
medicine,1,discovery acquired immunological tolerance
literature,3,soaring flight evocative imagery poetry visionary fashion reflects conditions time
peace,2,nonviolent struggle apartheid
chemistry,4,method use carbon14 age determination archaeology geology geophysics branches science
physics,0,researches concerning resonance absorption gamma radiation discovery connection effect bears name
peace,2,developing UN effective constructive international organization capable giving life principles aims expressed UN Charter
medicine,1,discoveries physical mechanism stimulation within cochlea
literature,3,epic force traced themes depicted human destinies drawn history country
chemistry,4,research carbon dioxide assimilation plants
physics,0,pioneering studies electron scattering atomic nuclei thereby achieved discoveries concerning structure nucleons
medicine,1,discoveries concerning molecular structure nucleic acids significance information transfer living material
medicine,1,discoveries concerning molecular structure nucleic acids significance information transfer living material
medicine,1,discoveries concerning molecular structure nucleic acids significance information transfer living material
peace,2,fight nuclear arms race East West
peace,2,fight nuclear arms race East West
chemistry,4,studies structures globular proteins
chemistry,4,studies structures globular proteins
physics,0,pioneering theories condensed matter especially liquid helium
literature,3,realistic imaginative writings combining sympathetic humour keen social perception
medicine,1,discoveries concerning ionic mechanisms involved excitation inhibition peripheral central portions nerve cell membrane
medicine,1,discoveries concerning ionic mechanisms involved excitation inhibition peripheral central portions nerve cell membrane
medicine,1,discoveries concerning ionic mechanisms involved excitation inhibition peripheral central portions nerve cell membrane
physics,0,discoveries concerning nuclear shell structure
physics,0,contributions theory atomic nucleus elementary particles particularly discovery application fundamental symmetry principles
peace,2,promoting principles Geneva Convention cooperation UN
peace,2,promoting principles Geneva Convention cooperation UN
peace,2,promoting principles Geneva Convention cooperation UN
peace,2,promoting principles Geneva Convention cooperation UN
literature,3,eminent lyrical writing inspired deep feeling Hellenic world culture
physics,0,discoveries concerning nuclear shell structure
chemistry,4,discoveries field chemistry technology high polymers
chemistry,4,discoveries field chemistry technology high polymers
physics,0,fundamental work field quantum electronics led construction oscillators amplifiers based maserlaser principle
literature,3,work rich ideas filled spirit freedom quest truth exerted farreaching influence age
peace,2,nonviolent struggle civil rights AfroAmerican population
physics,0,fundamental work field quantum electronics led construction oscillators amplifiers based maserlaser principle
medicine,1,discoveries concerning mechanism regulation cholesterol fatty acid metabolism
physics,0,fundamental work field quantum electronics led construction oscillators amplifiers based maserlaser principle
medicine,1,discoveries concerning mechanism regulation cholesterol fatty acid metabolism
chemistry,4,determinations Xray techniques structures important biochemical substances
chemistry,4,outstanding achievements art organic synthesis
medicine,1,discoveries concerning genetic control enzyme virus synthesis
medicine,1,discoveries concerning genetic control enzyme virus synthesis
medicine,1,discoveries concerning genetic control enzyme virus synthesis
peace,2,effort enhance solidarity nations reduce difference rich poor states
physics,0,fundamental work quantum electrodynamics deepploughing consequences physics elementary particles
literature,3,artistic power integrity epic given expression historic phase life Russian people
physics,0,fundamental work quantum electrodynamics deepploughing consequences physics elementary particles
physics,0,fundamental work quantum electrodynamics deepploughing consequences physics elementary particles
medicine,1,discoveries concerning hormonal treatment prostatic cancer
literature,3,profoundly characteristic narrative art motifs life Jewish people
chemistry,4,fundamental work concerning chemical bonds electronic structure molecules molecular orbital method
medicine,1,discovery tumourinducing viruses
literature,3,outstanding lyrical dramatic writing interprets Israels destiny touching strength
physics,0,discovery development optical methods studying Hertzian resonances atoms
medicine,1,discoveries concerning primary physiological chemical visual processes eye
medicine,1,discoveries concerning primary physiological chemical visual processes eye
chemistry,4,studies extremely fast chemical reactions effected disturbing equilibrium means short pulses energy
literature,3,vivid literary achievement deeprooted national traits traditions Indian peoples Latin America
chemistry,4,studies extremely fast chemical reactions effected disturbing equilibrium means short pulses energy
chemistry,4,studies extremely fast chemical reactions effected disturbing equilibrium means short pulses energy
medicine,1,discoveries concerning primary physiological chemical visual processes eye
physics,0,contributions theory nuclear reactions especially discoveries concerning energy production stars
medicine,1,interpretation genetic code function protein synthesis
medicine,1,interpretation genetic code function protein synthesis
chemistry,4,discovery reciprocal relations bearing name fundamental thermodynamics irreversible processes
peace,2,struggle ensure rights man stipulated UN Declaration
medicine,1,interpretation genetic code function protein synthesis
physics,0,decisive contributions elementary particle physics particular discovery large number resonance states made possible development technique using hydrogen bubble chamber data analysis
literature,3,narrative mastery great sensibility expresses essence Japanese mind
chemistry,4,contributions development concept conformation application chemistry
literature,3,writing new forms novel drama destitution modern man acquires elevation
economics,5,developed applied dynamic models analysis economic processes
physics,0,contributions discoveries concerning classification elementary particles interactions
economics,5,developed applied dynamic models analysis economic processes
peace,2,creating international legislation insuring certain norms working conditions every country
medicine,1,discoveries concerning replication mechanism genetic structure viruses
medicine,1,discoveries concerning replication mechanism genetic structure viruses
medicine,1,discoveries concerning replication mechanism genetic structure viruses
chemistry,4,contributions development concept conformation application chemistry
physics,0,fundamental work discoveries magnetohydrodynamics fruitful applications different parts plasma physics
physics,0,fundamental work discoveries concerning antiferromagnetism ferrimagnetism led important applications solid state physics
peace,2,given wellfounded hope green revolution
chemistry,4,discovery sugar nucleotides role biosynthesis carbohydrates
literature,3,ethical force pursued indispensable traditions Russian literature
economics,5,scientific work developed static dynamic economic theory actively contributed raising level analysis economic science
medicine,1,discoveries concerning humoral transmitters nerve terminals mechanism storage release inactivation
medicine,1,discoveries concerning humoral transmitters nerve terminals mechanism storage release inactivation
medicine,1,discoveries concerning humoral transmitters nerve terminals mechanism storage release inactivation
peace,2,paving way meaningful dialogue East West
physics,0,invention development holographic method
economics,5,empirically founded interpretation economic growth led new deepened insight economic social structure process development
chemistry,4,contributions knowledge electronic structure geometry molecules particularly free radicals
medicine,1,discoveries concerning mechanisms action hormones
literature,3,poetry action elemental force brings alive continents destiny dreams
literature,3,writing combination broad perspective time sensitive skill characterization contributed renewal German literature
medicine,1,discoveries concerning chemical structure antibodies
physics,0,jointly developed theory superconductivity usually called BCStheory
chemistry,4,contribution understanding connection chemical structure catalytic activity active centre ribonuclease molecule
chemistry,4,work ribonuclease especially concerning connection amino acid sequence biologically active conformation
chemistry,4,contribution understanding connection chemical structure catalytic activity active centre ribonuclease molecule
physics,0,jointly developed theory superconductivity usually called BCStheory
physics,0,jointly developed theory superconductivity usually called BCStheory
economics,5,pioneering contributions general economic equilibrium theory welfare theory
economics,5,pioneering contributions general economic equilibrium theory welfare theory
physics,0,jointly developed theory superconductivity usually called BCStheory
medicine,1,discoveries concerning chemical structure antibodies
physics,0,theoretical predictions properties supercurrent tunnel barrier particular phenomena generally known Josephson effects
chemistry,4,pioneering work performed independently chemistry organometallic called sandwich compounds
chemistry,4,pioneering work performed independently chemistry organometallic called sandwich compounds
peace,2,jointly negotiated cease fire Vietnam 1973
economics,5,development inputoutput method application important economic problems
medicine,1,discoveries concerning organization elicitation individual social behaviour patterns
physics,0,experimental discoveries regarding tunneling phenomena semiconductors superconductors respectively
physics,0,experimental discoveries regarding tunneling phenomena semiconductors superconductors respectively
medicine,1,discoveries concerning organization elicitation individual social behaviour patterns
literature,3,epic psychological narrative art introduced new continent literature
peace,2,jointly negotiated cease fire Vietnam 1973
medicine,1,discoveries concerning organization elicitation individual social behaviour patterns
chemistry,4,fundamental achievements theoretical experimental physical chemistry macromolecules
literature,3,narrative art farseeing lands ages service freedom
economics,5,pioneering work theory money economic fluctuations penetrating analysis interdependence economic social institutional phenomena
literature,3,writings catch dewdrop reflect cosmos
medicine,1,discoveries concerning structural functional organization cell
physics,0,pioneering research radio astrophysics Ryle observations inventions particular aperture synthesis technique Hewish decisive role discovery pulsars
physics,0,pioneering research radio astrophysics Ryle observations inventions particular aperture synthesis technique Hewish decisive role discovery pulsars
medicine,1,discoveries concerning structural functional organization cell
peace,2,contribution stabilize conditions Pacific rim area signing Nuclear NonProliferation Treaty
peace,2,efforts secure develop human rights throughout world
economics,5,pioneering work theory money economic fluctuations penetrating analysis interdependence economic social institutional phenomena
medicine,1,discoveries concerning structural functional organization cell
chemistry,4,work stereochemistry enzymecatalyzed reactions
chemistry,4,research stereochemistry organic molecules reactions
medicine,1,discoveries concerning interaction tumour viruses genetic material cell
physics,0,discovery connection collective motion particle motion atomic nuclei development theory structure atomic nucleus based connection
physics,0,discovery connection collective motion particle motion atomic nuclei development theory structure atomic nucleus based connection
physics,0,discovery connection collective motion particle motion atomic nuclei development theory structure atomic nucleus based connection
economics,5,contributions theory optimum allocation resources
economics,5,contributions theory optimum allocation resources
literature,3,distinctive poetry great artistic sensitivity interpreted human values sign outlook life illusions
medicine,1,discoveries concerning interaction tumour viruses genetic material cell
medicine,1,discoveries concerning interaction tumour viruses genetic material cell
peace,2,struggle human rights Soviet Union disarmament cooperation nations
economics,5,achievements fields consumption analysis monetary history theory demonstration complexity stabilization policy
chemistry,4,studies structure boranes illuminating problems chemical bonding
peace,2,courageous efforts founding movement put end violent conflict Northern Ireland
physics,0,pioneering work discovery heavy elementary particle new kind
physics,0,pioneering work discovery heavy elementary particle new kind
medicine,1,discoveries concerning new mechanisms origin dissemination infectious diseases
medicine,1,discoveries concerning new mechanisms origin dissemination infectious diseases
peace,2,courageous efforts founding movement put end violent conflict Northern Ireland
literature,3,human understanding subtle analysis contemporary culture combined work
physics,0,fundamental theoretical investigations electronic structure magnetic disordered systems
economics,5,pathbreaking contribution theory international trade international capital movements
economics,5,pathbreaking contribution theory international trade international capital movements
physics,0,fundamental theoretical investigations electronic structure magnetic disordered systems
physics,0,fundamental theoretical investigations electronic structure magnetic disordered systems
medicine,1,discoveries concerning peptide hormone production brain
medicine,1,development radioimmunoassays peptide hormones
chemistry,4,contributions nonequilibrium thermodynamics particularly theory dissipative structures
medicine,1,discoveries concerning peptide hormone production brain
peace,2,worldwide respect human rights
literature,3,creative poetic writing illuminates mans condition cosmos presentday society time representing great renewal traditions Spanish poetry wars
peace,2,jointly negotiated peace Egypt Israel 1978
peace,2,jointly negotiated peace Egypt Israel 1978
physics,0,discovery cosmic microwave background radiation
medicine,1,discovery restriction enzymes application problems molecular genetics
medicine,1,discovery restriction enzymes application problems molecular genetics
medicine,1,discovery restriction enzymes application problems molecular genetics
physics,0,discovery cosmic microwave background radiation
literature,3,impassioned narrative art roots PolishJewish cultural tradition brings universal human conditions life
economics,5,pioneering research decisionmaking process within economic organizations
physics,0,basic inventions discoveries area lowtemperature physics
chemistry,4,contribution understanding biological energy transfer formulation chemiosmotic theory
chemistry,4,development use boron phosphoruscontaining compounds respectively important reagents organic synthesis
economics,5,pioneering research economic development research particular consideration problems developing countries
economics,5,pioneering research economic development research particular consideration problems developing countries
peace,2,work bringing help suffering humanity
chemistry,4,development use boron phosphoruscontaining compounds respectively important reagents organic synthesis
physics,0,contributions theory unified weak electromagnetic interaction elementary particles including inter alia prediction weak neutral current
physics,0,contributions theory unified weak electromagnetic interaction elementary particles including inter alia prediction weak neutral current
medicine,1,development computer assisted tomography
medicine,1,development computer assisted tomography
literature,3,poetry background Greek tradition depicts sensuous strength intellectual clearsightedness modern mans struggle freedom creativeness
physics,0,contributions theory unified weak electromagnetic interaction elementary particles including inter alia prediction weak neutral current
chemistry,4,contributions concerning determination base sequences nucleic acids
chemistry,4,contributions concerning determination base sequences nucleic acids
medicine,1,discoveries concerning genetically determined structures cell surface regulate immunological reactions
medicine,1,discoveries concerning genetically determined structures cell surface regulate immunological reactions
economics,5,creation econometric models application analysis economic fluctuations economic policies
chemistry,4,fundamental studies biochemistry nucleic acids particular regard recombinantDNA
peace,2,source inspiration repressed people especially Latin America
chemistry,4,contributions concerning determination base sequences nucleic acids
physics,0,discovery violations fundamental symmetry principles decay neutral Kmesons
physics,0,discovery violations fundamental symmetry principles decay neutral Kmesons
literature,3,uncompromising clearsightedness voices mans exposed condition world severe conflicts
medicine,1,discoveries concerning genetically determined structures cell surface regulate immunological reactions
economics,5,analysis financial markets relations expenditure decisions employment production prices
literature,3,writings marked broad outlook wealth ideas artistic power
medicine,1,discoveries concerning information processing visual system
physics,0,contribution development laser spectroscopy
peace,2,promoting fundamental rights refugees
peace,2,promoting fundamental rights refugees
medicine,1,discoveries concerning functional specialization cerebral hemispheres
chemistry,4,theories developed independently concerning course chemical reactions
chemistry,4,theories developed independently concerning course chemical reactions
medicine,1,discoveries concerning information processing visual system
physics,0,contribution development laser spectroscopy
physics,0,contribution development highresolution electron spectroscopy
economics,5,seminal studies industrial structures functioning markets causes effects public regulation
peace,2,work disarmament nuclear weaponfree zones
literature,3,novels short stories fantastic realistic combined richly composed world imagination reflecting continents life conflicts
medicine,1,discoveries concerning prostaglandins related biologically active substances
chemistry,4,development crystallographic electron microscopy structural elucidation biologically important nucleic acidprotein complexes
medicine,1,discoveries concerning prostaglandins related biologically active substances
physics,0,theory critical phenomena connection phase transitions
peace,2,work disarmament nuclear weaponfree zones
medicine,1,discoveries concerning prostaglandins related biologically active substances
peace,2,nonviolent struggle free trade unions human rights Poland
chemistry,4,work mechanisms electron transfer reactions especially metal complexes
medicine,1,discovery mobile genetic elements
economics,5,incorporated new analytical methods economic theory rigorous reformulation theory general equilibrium
literature,3,novels perspicuity realistic narrative art diversity universality myth illuminate human condition world today
physics,0,theoretical experimental studies nuclear reactions importance formation chemical elements universe
physics,0,theoretical studies physical processes importance structure evolution stars
medicine,1,theories concerning specificity development control immune system discovery principle production monoclonal antibodies
medicine,1,theories concerning specificity development control immune system discovery principle production monoclonal antibodies
medicine,1,theories concerning specificity development control immune system discovery principle production monoclonal antibodies
literature,3,poetry endowed freshness sensuality rich inventiveness provides liberating image indomitable spirit versatility man
peace,2,role unifying leader figure nonviolent campaign resolve problem apartheid South Africa
chemistry,4,development methodology chemical synthesis solid matrix
physics,0,decisive contributions large project led discovery field particles W Z communicators weak interaction
physics,0,decisive contributions large project led discovery field particles W Z communicators weak interaction
economics,5,made fundamental contributions development systems national accounts hence greatly improved basis empirical economic analysis
peace,2,spreading authoritative information creating awareness catastrophic consequences nuclear war
physics,0,discovery quantized Hall effect
medicine,1,discoveries concerning regulation cholesterol metabolism
medicine,1,discoveries concerning regulation cholesterol metabolism
chemistry,4,outstanding achievements development direct methods determination crystal structures
chemistry,4,outstanding achievements development direct methods determination crystal structures
literature,3,novel combines poets painters creativeness deepened awareness time depiction human condition
economics,5,pioneering analyses saving financial markets
chemistry,4,contributions concerning dynamics chemical elementary processes
chemistry,4,contributions concerning dynamics chemical elementary processes
physics,0,design scanning tunneling microscope
physics,0,design scanning tunneling microscope
physics,0,fundamental work electron optics design first electron microscope
chemistry,4,contributions concerning dynamics chemical elementary processes
medicine,1,discoveries growth factors
medicine,1,discoveries growth factors
peace,2,messenger mankind message one peace atonement dignity
literature,3,wide cultural perspective poetic overtones fashions drama existence
economics,5,development contractual constitutional bases theory economic political decisionmaking
chemistry,4,development use molecules structurespecific interactions high selectivity
literature,3,allembracing authorship imbued clarity thought poetic intensity
physics,0,important breakthrough discovery superconductivity ceramic materials
chemistry,4,development use molecules structurespecific interactions high selectivity
physics,0,important breakthrough discovery superconductivity ceramic materials
medicine,1,discovery genetic principle generation antibody diversity
economics,5,contributions theory economic growth
peace,2,work lasting peace Central America
chemistry,4,development use molecules structurespecific interactions high selectivity
peace,2,preventing armed clashes creating conditions negotiations
physics,0,neutrino beam method demonstration doublet structure leptons discovery muon neutrino
physics,0,neutrino beam method demonstration doublet structure leptons discovery muon neutrino
physics,0,neutrino beam method demonstration doublet structure leptons discovery muon neutrino
medicine,1,discoveries important principles drug treatment
chemistry,4,determination threedimensional structure photosynthetic reaction centre
chemistry,4,determination threedimensional structure photosynthetic reaction centre
chemistry,4,determination threedimensional structure photosynthetic reaction centre
literature,3,works rich nuance clearsightedly realistic evocatively ambiguous formed Arabian narrative art applies mankind
medicine,1,discoveries important principles drug treatment
medicine,1,discoveries important principles drug treatment
economics,5,pioneering contributions theory markets efficient utilization resources
chemistry,4,discovery catalytic properties RNA
chemistry,4,discovery catalytic properties RNA
physics,0,development ion trap technique
physics,0,invention separated oscillatory fields method use hydrogen maser atomic clocks
medicine,1,discovery cellular origin retroviral oncogenes
physics,0,development ion trap technique
economics,5,clarification probability theory foundations econometrics analyses simultaneous economic structures
literature,3,rich intensive prose restrained compassion forms challenging vision mans vulnerability
peace,2,advocating peaceful solutions based upon tolerance mutual respect order preserve historical cultural heritage people
medicine,1,discovery cellular origin retroviral oncogenes
literature,3,impassioned writing wide horizons characterized sensuous intelligence humanistic integrity
physics,0,pioneering investigations concerning deep inelastic scattering electrons protons bound neutrons essential importance development quark model particle physics
physics,0,pioneering investigations concerning deep inelastic scattering electrons protons bound neutrons essential importance development quark model particle physics
physics,0,pioneering investigations concerning deep inelastic scattering electrons protons bound neutrons essential importance development quark model particle physics
economics,5,pioneering work theory financial economics
economics,5,pioneering work theory financial economics
medicine,1,discoveries concerning organ cell transplantation treatment human disease
peace,2,leading role played radical changes EastWest relations
medicine,1,discoveries concerning organ cell transplantation treatment human disease
economics,5,pioneering work theory financial economics
chemistry,4,development theory methodology organic synthesis
economics,5,discovery clarification significance transaction costs property rights institutional structure functioning economy
literature,3,magnificent epic writing words Alfred Nobel great benefit humanity
medicine,1,discoveries concerning function single ion channels cells
physics,0,discovering methods developed studying order phenomena simple systems generalized complex forms matter particular liquid crystals polymers
peace,2,nonviolent struggle democracy human rights
medicine,1,discoveries concerning function single ion channels cells
chemistry,4,contributions development methodology high resolution nuclear magnetic resonance NMR spectroscopy
literature,3,poetic oeuvre great luminosity sustained historical vision outcome multicultural commitment
medicine,1,discoveries concerning reversible protein phosphorylation biological regulatory mechanism
chemistry,4,contributions theory electron transfer reactions chemical systems
economics,5,extended domain microeconomic analysis wide range human behaviour interaction including nonmarket behaviour
peace,2,struggle social justice ethnocultural reconciliation based respect rights indigenous peoples
physics,0,invention development particle detectors particular multiwire proportional chamber
medicine,1,discoveries concerning reversible protein phosphorylation biological regulatory mechanism
physics,0,discovery new type pulsar discovery opened new possibilities study gravitation
physics,0,discovery new type pulsar discovery opened new possibilities study gravitation
literature,3,novels characterized visionary force poetic import gives life essential aspect American reality
economics,5,renewed research economic history applying economic theory quantitative methods order explain economic institutional change
chemistry,4,fundamental contributions establishment oligonucleotidebased sitedirected mutagenesis development protein studies
medicine,1,discoveries split genes
medicine,1,discoveries split genes
chemistry,4,invention polymerase chain reaction PCR method
peace,2,work peaceful termination apartheid regime laying foundations new democratic South Africa
economics,5,renewed research economic history applying economic theory quantitative methods order explain economic institutional change
peace,2,work peaceful termination apartheid regime laying foundations new democratic South Africa
medicine,1,discovery Gproteins role proteins signal transduction cells
medicine,1,discovery Gproteins role proteins signal transduction cells
chemistry,4,contribution carbocation chemistry
physics,0,development neutron spectroscopy
physics,0,development neutron diffraction technique
literature,3,poetic force creates imagined world life myth condense form disconcerting picture human predicament today
peace,2,efforts create peace Middle East
peace,2,efforts create peace Middle East
peace,2,efforts create peace Middle East
economics,5,pioneering analysis equilibria theory noncooperative games
economics,5,pioneering analysis equilibria theory noncooperative games
economics,5,pioneering analysis equilibria theory noncooperative games
physics,0,detection neutrino
medicine,1,discoveries concerning genetic control early embryonic development
chemistry,4,work atmospheric chemistry particularly concerning formation decomposition ozone
chemistry,4,work atmospheric chemistry particularly concerning formation decomposition ozone
economics,5,developed applied hypothesis rational expectations thereby transformed macroeconomic analysis deepened understanding economic policy
literature,3,works lyrical beauty ethical depth exalt everyday miracles living past
chemistry,4,work atmospheric chemistry particularly concerning formation decomposition ozone
medicine,1,discoveries concerning genetic control early embryonic development
peace,2,efforts diminish part played nuclear arms international politics longer run eliminate arms
peace,2,efforts diminish part played nuclear arms international politics longer run eliminate arms
physics,0,discovery tau lepton
medicine,1,discoveries concerning genetic control early embryonic development
physics,0,discovery superfluidity helium3
physics,0,discovery superfluidity helium3
physics,0,discovery superfluidity helium3
medicine,1,discoveries concerning specificity cell mediated immune defence
medicine,1,discoveries concerning specificity cell mediated immune defence
chemistry,4,discovery fullerenes
literature,3,poetry ironic precision allows historical biological context come light fragments human reality
peace,2,work towards peaceful solution conflict East Timor
peace,2,work towards peaceful solution conflict East Timor
chemistry,4,discovery fullerenes
economics,5,fundamental contributions economic theory incentives asymmetric information
chemistry,4,discovery fullerenes
economics,5,fundamental contributions economic theory incentives asymmetric information
literature,3,emulates jesters Middle Ages scourging authority upholding dignity downtrodden
chemistry,4,elucidation enzymatic mechanism underlying synthesis adenosine triphosphate ATP
chemistry,4,first discovery iontransporting enzyme Na K ATPase
economics,5,new method determine value derivatives
medicine,1,discovery Prions new biological principle infection
physics,0,development methods cool trap atoms laser light
economics,5,new method determine value derivatives
physics,0,development methods cool trap atoms laser light
physics,0,development methods cool trap atoms laser light
peace,2,work banning clearing antipersonnel mines
peace,2,work banning clearing antipersonnel mines
chemistry,4,elucidation enzymatic mechanism underlying synthesis adenosine triphosphate ATP
economics,5,contributions welfare economics
physics,0,discovery new form quantum fluid fractionally charged excitations
literature,3,parables sustained imagination compassion irony continually enables us apprehend elusory reality
physics,0,discovery new form quantum fluid fractionally charged excitations
chemistry,4,development densityfunctional theory
medicine,1,discoveries concerning nitric oxide signalling molecule cardiovascular system
medicine,1,discoveries concerning nitric oxide signalling molecule cardiovascular system
medicine,1,discoveries concerning nitric oxide signalling molecule cardiovascular system
chemistry,4,development computational methods quantum chemistry
peace,2,efforts find peaceful solution conflict Northern Ireland
peace,2,efforts find peaceful solution conflict Northern Ireland
physics,0,discovery new form quantum fluid fractionally charged excitations
literature,3,whose frolicsome black fables portray forgotten face history
chemistry,4,studies transition states chemical reactions using femtosecond spectroscopy
peace,2,recognition organisations pioneering humanitarian work several continents
physics,0,elucidating quantum structure electroweak interactions physics
physics,0,elucidating quantum structure electroweak interactions physics
economics,5,analysis monetary fiscal policy different exchange rate regimes analysis optimum currency areas
medicine,1,discovery proteins intrinsic signals govern transport localization cell
chemistry,4,discovery development conductive polymers
literature,3,œuvre universal validity bitter insights linguistic ingenuity opened new paths Chinese novel drama
economics,5,development theory methods analyzing discrete choice
economics,5,development theory methods analyzing selective samples
chemistry,4,discovery development conductive polymers
chemistry,4,discovery development conductive polymers
medicine,1,discoveries concerning signal transduction nervous system
physics,0,developing semiconductor heterostructures used highspeed optoelectronics
physics,0,developing semiconductor heterostructures used highspeed optoelectronics
peace,2,work democracy human rights South Korea East Asia general peace reconciliation North Korea particular
medicine,1,discoveries concerning signal transduction nervous system
medicine,1,discoveries concerning signal transduction nervous system
physics,0,part invention integrated circuit
economics,5,analyses markets asymmetric information
peace,2,work better organized peaceful world
peace,2,work better organized peaceful world
literature,3,united perceptive narrative incorruptible scrutiny works compel us see presence suppressed histories
economics,5,analyses markets asymmetric information
economics,5,analyses markets asymmetric information
chemistry,4,work chirally catalysed oxidation reactions
chemistry,4,work chirally catalysed oxidation reactions
chemistry,4,work chirally catalysed hydrogenation reactions
chemistry,4,work chirally catalysed hydrogenation reactions
physics,0,achievement BoseEinstein condensation dilute gases alkali atoms early fundamental studies properties condensates
physics,0,achievement BoseEinstein condensation dilute gases alkali atoms early fundamental studies properties condensates
physics,0,achievement BoseEinstein condensation dilute gases alkali atoms early fundamental studies properties condensates
medicine,1,discoveries key regulators cell cycle
medicine,1,discoveries key regulators cell cycle
medicine,1,discoveries key regulators cell cycle
peace,2,decades untiring effort find peaceful solutions international conflicts advance democracy human rights promote economic social development
literature,3,writing upholds fragile experience individual barbaric arbitrariness history
economics,5,integrated insights psychological research economic science especially concerning human judgment decisionmaking uncertainty
chemistry,4,development nuclear magnetic resonance spectroscopy determining threedimensional structure biological macromolecules solution
chemistry,4,development soft desorption ionisation methods mass spectrometric analyses biological macromolecules
chemistry,4,development soft desorption ionisation methods mass spectrometric analyses biological macromolecules
economics,5,established laboratory experiments tool empirical economic analysis especially study alternative market mechanisms
physics,0,pioneering contributions astrophysics particular detection cosmic neutrinos
physics,0,pioneering contributions astrophysics particular detection cosmic neutrinos
medicine,1,discoveries concerning genetic regulation organ development programmed cell death
medicine,1,discoveries concerning genetic regulation organ development programmed cell death
medicine,1,discoveries concerning genetic regulation organ development programmed cell death
physics,0,pioneering contributions astrophysics led discovery cosmic Xray sources
peace,2,efforts democracy human rights focused especially struggle rights women children
economics,5,methods analyzing economic time series common trends cointegration
economics,5,methods analyzing economic time series timevarying volatility ARCH
chemistry,4,structural mechanistic studies ion channels
chemistry,4,discovery water channels
physics,0,pioneering contributions theory superconductors superfluids
physics,0,pioneering contributions theory superconductors superfluids
medicine,1,discoveries concerning magnetic resonance imaging
medicine,1,discoveries concerning magnetic resonance imaging
literature,3,innumerable guises portrays surprising involvement outsider
physics,0,pioneering contributions theory superconductors superfluids
economics,5,contributions dynamic macroeconomics time consistency economic policy driving forces behind business cycles
chemistry,4,discovery ubiquitinmediated protein degradation
economics,5,contributions dynamic macroeconomics time consistency economic policy driving forces behind business cycles
peace,2,contribution sustainable development democracy peace
literature,3,musical flow voices countervoices novels plays extraordinary linguistic zeal reveal absurdity societys clicheacutes subjugating power
chemistry,4,discovery ubiquitinmediated protein degradation
physics,0,discovery asymptotic freedom theory strong interaction
physics,0,discovery asymptotic freedom theory strong interaction
physics,0,discovery asymptotic freedom theory strong interaction
medicine,1,discoveries odorant receptors organization olfactory system
medicine,1,discoveries odorant receptors organization olfactory system
chemistry,4,discovery ubiquitinmediated protein degradation
literature,3,plays uncovers precipice everyday prattle forces entry oppressions closed rooms
economics,5,enhanced understanding conflict cooperation gametheory analysis
peace,2,efforts prevent nuclear energy used military purposes ensure nuclear energy peaceful purposes used safest possible way
peace,2,efforts prevent nuclear energy used military purposes ensure nuclear energy peaceful purposes used safest possible way
chemistry,4,development metathesis method organic synthesis
chemistry,4,development metathesis method organic synthesis
economics,5,enhanced understanding conflict cooperation gametheory analysis
physics,0,contributions development laserbased precision spectroscopy including optical frequency comb technique
physics,0,contributions development laserbased precision spectroscopy including optical frequency comb technique
physics,0,contribution quantum theory optical coherence
medicine,1,discovery bacterium iHelicobacter pylorii role gastritis peptic ulcer disease
medicine,1,discovery bacterium iHelicobacter pylorii role gastritis peptic ulcer disease
chemistry,4,development metathesis method organic synthesis
peace,2,efforts create economic social development
peace,2,efforts create economic social development
literature,3,quest melancholic soul native city discovered new symbols clash interlacing cultures
economics,5,analysis intertemporal tradeoffs macroeconomic policy
chemistry,4,studies molecular basis eukaryotic transcription
physics,0,discovery blackbody form anisotropy cosmic microwave background radiation
medicine,1,discovery RNA interference gene silencing doublestranded RNA
medicine,1,discovery RNA interference gene silencing doublestranded RNA
physics,0,discovery blackbody form anisotropy cosmic microwave background radiation
economics,5,laid foundations mechanism design theory
economics,5,laid foundations mechanism design theory
economics,5,laid foundations mechanism design theory
peace,2,efforts build disseminate greater knowledge manmade climate change lay foundations measures needed counteract change
peace,2,efforts build disseminate greater knowledge manmade climate change lay foundations measures needed counteract change
chemistry,4,studies chemical processes solid surfaces
literature,3,epicist female experience scepticism fire visionary power subjected divided civilisation scrutiny
physics,0,discovery Giant Magnetoresistance
medicine,1,discoveries principles introducing specific gene modifications mice use embryonic stem cells
medicine,1,discoveries principles introducing specific gene modifications mice use embryonic stem cells
medicine,1,discoveries principles introducing specific gene modifications mice use embryonic stem cells
physics,0,discovery Giant Magnetoresistance
peace,2,important efforts several continents three decades resolve international conflicts
literature,3,author new departures poetic adventure sensual ecstasy explorer humanity beyond reigning civilization
chemistry,4,discovery development green fluorescent protein GFP
chemistry,4,discovery development green fluorescent protein GFP
chemistry,4,discovery development green fluorescent protein GFP
physics,0,discovery origin broken symmetry predicts existence least three families quarks nature
economics,5,analysis trade patterns location economic activity
physics,0,discovery mechanism spontaneous broken symmetry subatomic physics
medicine,1,discovery human immunodeficiency virus
medicine,1,discovery human immunodeficiency virus
medicine,1,discovery human papilloma viruses causing cervical cancer
physics,0,discovery origin broken symmetry predicts existence least three families quarks nature
economics,5,analysis economic governance especially boundaries firm
economics,5,analysis economic governance especially commons
peace,2,extraordinary efforts strengthen international diplomacy cooperation peoples
literature,3,concentration poetry frankness prose depicts landscape dispossessed
chemistry,4,studies structure function ribosome
chemistry,4,studies structure function ribosome
chemistry,4,studies structure function ribosome
physics,0,invention imaging semiconductor circuit CCD sensor
physics,0,groundbreaking achievements concerning transmission light fibers optical communication
medicine,1,discovery chromosomes protected telomeres enzyme telomerase
medicine,1,discovery chromosomes protected telomeres enzyme telomerase
medicine,1,discovery chromosomes protected telomeres enzyme telomerase
physics,0,invention imaging semiconductor circuit CCD sensor
economics,5,analysis markets search frictions
literature,3,cartography structures power trenchant images individuals resistance revolt defeat
economics,5,analysis markets search frictions
peace,2,long nonviolent struggle fundamental human rights China
chemistry,4,palladiumcatalyzed cross couplings organic synthesis
economics,5,analysis markets search frictions
chemistry,4,palladiumcatalyzed cross couplings organic synthesis
physics,0,groundbreaking experiments regarding twodimensional material graphene
physics,0,groundbreaking experiments regarding twodimensional material graphene
medicine,1,development vitro fertilization
chemistry,4,palladiumcatalyzed cross couplings organic synthesis
economics,5,empirical research cause effect macroeconomy
peace,2,nonviolent struggle safety women womens rights full participation peacebuilding work
peace,2,nonviolent struggle safety women womens rights full participation peacebuilding work
peace,2,nonviolent struggle safety women womens rights full participation peacebuilding work
literature,3,condensed translucent images gives us fresh access reality
chemistry,4,discovery quasicrystals
economics,5,empirical research cause effect macroeconomy
physics,0,discovery accelerating expansion Universe observations distant supernovae
physics,0,discovery accelerating expansion Universe observations distant supernovae
medicine,1,discovery dendritic cell role adaptive immunity
medicine,1,discoveries concerning activation innate immunity
medicine,1,discoveries concerning activation innate immunity
physics,0,discovery accelerating expansion Universe observations distant supernovae
economics,5,theory stable allocations practice market design
economics,5,theory stable allocations practice market design
peace,2,six decades contributed advancement peace reconciliation democracy human rights Europe
literature,3,hallucinatory realism merges folk tales history contemporary
chemistry,4,studies Gproteincoupled receptors
chemistry,4,studies Gproteincoupled receptors
physics,0,groundbreaking experimental methods enable measuring manipulation individual quantum systems
medicine,1,discovery mature cells reprogrammed become pluripotent
medicine,1,discovery mature cells reprogrammed become pluripotent
physics,0,groundbreaking experimental methods enable measuring manipulation individual quantum systems
economics,5,empirical analysis asset prices
chemistry,4,development multiscale models complex chemical systems
economics,5,empirical analysis asset prices
economics,5,empirical analysis asset prices
peace,2,extensive efforts eliminate chemical weapons
literature,3,master contemporary short story
chemistry,4,development multiscale models complex chemical systems
chemistry,4,development multiscale models complex chemical systems
physics,0,theoretical discovery mechanism contributes understanding origin mass subatomic particles recently confirmed discovery predicted fundamental particle ATLAS CMS experiments CERNs Large Hadron Collider
physics,0,theoretical discovery mechanism contributes understanding origin mass subatomic particles recently confirmed discovery predicted fundamental particle ATLAS CMS experiments CERNs Large Hadron Collider
medicine,1,discoveries machinery regulating vesicle traffic major transport system cells
medicine,1,discoveries machinery regulating vesicle traffic major transport system cells
medicine,1,discoveries machinery regulating vesicle traffic major transport system cells
economics,5,analysis market power regulation
peace,2,struggle suppression children young people right children education
literature,3,art memory evoked ungraspable human destinies uncovered lifeworld occupation
chemistry,4,development superresolved fluorescence microscopy
chemistry,4,development superresolved fluorescence microscopy
chemistry,4,development superresolved fluorescence microscopy
peace,2,struggle suppression children young people right children education
physics,0,invention efficient blue lightemitting diodes enabled bright energysaving white light sources
physics,0,invention efficient blue lightemitting diodes enabled bright energysaving white light sources
medicine,1,discoveries cells constitute positioning system brain
medicine,1,discoveries cells constitute positioning system brain
medicine,1,discoveries cells constitute positioning system brain
physics,0,invention efficient blue lightemitting diodes enabled bright energysaving white light sources
economics,5,analysis consumption poverty welfare
peace,2,decisive contribution building pluralistic democracy Tunisia wake Jasmine Revolution 2011
literature,3,polyphonic writings monument suffering courage time
chemistry,4,mechanistic studies DNA repair
chemistry,4,mechanistic studies DNA repair
chemistry,4,mechanistic studies DNA repair
physics,0,discovery neutrino oscillations shows neutrinos mass
medicine,1,discoveries concerning novel therapy Malaria
medicine,1,discoveries concerning novel therapy infections caused roundworm parasites
medicine,1,discoveries concerning novel therapy infections caused roundworm parasites
physics,0,discovery neutrino oscillations shows neutrinos mass
economics,5,contributions contract theory
chemistry,4,design synthesis molecular machines
economics,5,contributions contract theory
peace,2,resolute efforts bring countrys 50yearlong civil war end
chemistry,4,design synthesis molecular machines
literature,3,created new poetic expressions within great American song tradition
physics,0,theoretical discoveries topological phase transitions topological phases matter
physics,0,theoretical discoveries topological phase transitions topological phases matter
physics,0,theoretical discoveries topological phase transitions topological phases matter
medicine,1,discoveries mechanisms autophagy
chemistry,4,design synthesis molecular machines
peace,2,work draw attention catastrophic humanitarian consequences use nuclear weapons groundbreaking efforts achieve treatybased prohibition weapons
literature,3,novels great emotional force uncovered abyss beneath illusory sense connection world
chemistry,4,developing cryoelectron microscopy highresolution structure determination biomolecules solution
chemistry,4,developing cryoelectron microscopy highresolution structure determination biomolecules solution
chemistry,4,developing cryoelectron microscopy highresolution structure determination biomolecules solution
physics,0,decisive contributions LIGO detector observation gravitational waves
economics,5,contributions behavioural economics
physics,0,decisive contributions LIGO detector observation gravitational waves
medicine,1,discoveries molecular mechanisms controlling circadian rhythm
medicine,1,discoveries molecular mechanisms controlling circadian rhythm
medicine,1,discoveries molecular mechanisms controlling circadian rhythm
physics,0,decisive contributions LIGO detector observation gravitational waves
literature,3,narrative imagination encyclopedic passion represents crossing boundaries form life
economics,5,integrating technological innovations longrun macroeconomic analysis
economics,5,integrating climate change longrun macroeconomic analysis
peace,2,efforts end use sexual violence weapon war armed conflict
peace,2,efforts end use sexual violence weapon war armed conflict
chemistry,4,phage display peptides antibodies
chemistry,4,phage display peptides antibodies
chemistry,4,directed evolution enzymes
physics,0,method generating highintensity ultrashort optical pulses
physics,0,optical tweezers application biological systems
medicine,1,discovery cancer therapy inhibition negative immune regulation
medicine,1,discovery cancer therapy inhibition negative immune regulation
physics,0,method generating highintensity ultrashort optical pulses
chemistry,4,development lithiumion batteries
economics,5,experimental approach alleviating global poverty
economics,5,experimental approach alleviating global poverty
literature,3,influential work linguistic ingenuity explored periphery specificity human experience
economics,5,experimental approach alleviating global poverty
chemistry,4,development lithiumion batteries
peace,2,efforts achieve peace international cooperation particular decisive initiative resolve border conflict neighbouring Eritrea
physics,0,discovery exoplanet orbiting solartype star
physics,0,discovery exoplanet orbiting solartype star
physics,0,theoretical discoveries physical cosmology
medicine,1,discoveries cells sense adapt oxygen availability
medicine,1,discoveries cells sense adapt oxygen availability
medicine,1,discoveries cells sense adapt oxygen availability
chemistry,4,development lithiumion batteries
economics,5,improvements auction theory inventions new auction formats
economics,5,improvements auction theory inventions new auction formats
peace,2,efforts combat hunger contribution bettering conditions peace conflictaffected areas acting driving force efforts prevent use hunger weapon war conflict
literature,3,unmistakable poetic voice austere beauty makes individual existence universal
chemistry,4,development method genome editing
chemistry,4,development method genome editing
physics,0,discovery supermassive compact object centre galaxy
physics,0,discovery black hole formation robust prediction general theory relativity
medicine,1,discovery Hepatitis C virus
medicine,1,discovery Hepatitis C virus
medicine,1,discovery Hepatitis C virus
physics,0,discovery supermassive compact object centre galaxy
literature,3,uncompromising compassionate penetration effects colonialism fate refugee gulf cultures continents
economics,5,methodological contributions analysis causal relationships
economics,5,empirical contributions labour economics
peace,2,efforts safeguard freedom expression precondition democracy lasting peace
economics,5,methodological contributions analysis causal relationships
peace,2,efforts safeguard freedom expression precondition democracy lasting peace
chemistry,4,development asymmetric organocatalysis
physics,0,physical modelling Earth’s climate quantifying variability reliably predicting global warming
physics,0,discovery interplay disorder fluctuations physical systems atomic planetary scales
physics,0,physical modelling Earth’s climate quantifying variability reliably predicting global warming
medicine,1,discoveries receptors temperature touch
medicine,1,discoveries receptors temperature touch
chemistry,4,development asymmetric organocatalysis
economics,5,research banks financial crises
peace,2,Peace Prize laureates represent civil society home countries many years promoted right criticise power protect fundamental rights citizens made outstanding effort document war crimes human right abuses abuse power Together demonstrate significance civil society peace democracy
peace,2,Peace Prize laureates represent civil society home countries many years promoted right criticise power protect fundamental rights citizens made outstanding effort document war crimes human right abuses abuse power Together demonstrate significance civil society peace democracy
peace,2,Peace Prize laureates represent civil society home countries many years promoted right criticise power protect fundamental rights citizens made outstanding effort document war crimes human right abuses abuse power Together demonstrate significance civil society peace democracy
literature,3,courage clinical acuity uncovers roots estrangements collective restraints personal memory
chemistry,4,development click chemistry bioorthogonal chemistry
physics,0,experiments entangled photons establishing violation Bell inequalities pioneering quantum information science
physics,0,experiments entangled photons establishing violation Bell inequalities pioneering quantum information science
physics,0,experiments entangled photons establishing violation Bell inequalities pioneering quantum information science
medicine,1,discoveries concerning genomes extinct hominins human evolution
chemistry,4,development click chemistry bioorthogonal chemistry
chemistry,4,development click chemistry bioorthogonal chemistry
economics,5,research banks financial crises
chemistry,4,development click chemistry bioorthogonal chemistry
economics,5,research banks financial crises
